,sm,noisevar,seed,depth,rank,MSE_mean,MSE_cp,MSE_tucker
0,lowrank_reg,0.0,37,3,1,1.2399453870138673,0.9182801156319799,0.9140719736600832
1,lowrank_reg,0.0,37,3,2,0.7453653755897198,0.22253392502395863,0.2518570480121644
2,lowrank_reg,0.0,37,3,3,1.6279911689056794,0.5199128959599852,0.5172366570383069
3,lowrank_reg,0.0,37,3,4,1.6279911689056794,0.5115077774497874,0.5172263561328186
4,lowrank_reg,0.0,37,3,5,1.6279911689056794,0.5118492124927628,0.5172060960868685
