,sm,noisevar,seed,depth,rank,MSE_mean,MSE_cp,MSE_tucker
0,lowrank_reg,0.01,30,1,1,1.2687262709543774,0.733105445905487,0.7373800408305515
1,lowrank_reg,0.01,30,1,2,1.7921042127660585,0.46831911875189897,0.46818486335680404
2,lowrank_reg,0.01,30,1,3,1.7921042127660585,0.5056515901393871,0.4703917392968672
3,lowrank_reg,0.01,30,1,4,1.7921042127660585,0.505680276057656,0.47089383662002693
4,lowrank_reg,0.01,30,1,5,1.7921042127660585,0.5097492489493745,0.4703107063719642
