,sm,noisevar,seed,depth,rank,MSE_mean,MSE_cp,MSE_tucker
0,variance,0.01,35,4,1,0.6132985902857625,0.6507635124030957,0.7876464594985301
1,variance,0.01,35,4,2,0.6132985902857625,1.0767333737828582,0.8692453329362549
2,variance,0.01,35,4,3,0.6132985902857625,0.7339941019744417,0.8648338596924469
3,variance,0.01,35,4,4,0.6132985902857625,0.7334397441672185,0.7070864327503169
4,variance,0.01,35,4,5,0.6132985902857625,0.733445151456229,0.7070265633843749
