,sm,noisevar,seed,depth,rank,MSE_mean,MSE_cp,MSE_tucker
0,lowrank_reg,0.0,34,4,1,1.3507025915794282,1.0319163656514712,1.0303649930058276
1,lowrank_reg,0.0,34,4,2,0.6591340621158354,0.3115432851700097,0.2784727783782038
2,lowrank_reg,0.0,34,4,3,0.8332647459369551,0.5202948321639792,0.4228454868559148
3,lowrank_reg,0.0,34,4,4,0.8332647459369551,0.5052005303544317,0.45397170834303224
4,lowrank_reg,0.0,34,4,5,0.8332647459369551,0.5051967775972162,0.45633070862659486
