,sm,noisevar,seed,depth,rank,MSE_mean,MSE_cp,MSE_tucker
0,lowrank_reg,0.1,35,1,1,1.8165498385779597,1.1360190236898757,1.1349954449352067
1,lowrank_reg,0.1,35,1,2,1.899635727417139,0.41321264374904065,0.4127135551637842
2,lowrank_reg,0.1,35,1,3,1.899635727417139,0.42934278387238783,0.42821451952228606
3,lowrank_reg,0.1,35,1,4,1.899635727417139,0.4302105840760147,0.42722463782169356
4,lowrank_reg,0.1,35,1,5,1.899635727417139,0.4305352236538673,0.4277623637901756
