,sm,noisevar,seed,depth,rank,MSE_mean,MSE_cp,MSE_tucker
0,variance,0.1,30,1,1,1.3847428223059217,0.8700524952356258,0.8733249886136327
1,variance,0.1,30,1,2,1.3847428223059217,0.9510948240613794,0.9536460060087634
2,variance,0.1,30,1,3,1.3847428223059217,0.9479521555598528,0.949816801327621
3,variance,0.1,30,1,4,1.3847428223059217,0.9574278475866663,0.9502382328447002
4,variance,0.1,30,1,5,1.3847428223059217,0.9576696678806569,0.947776677065371
