,sm,noisevar,seed,depth,rank,MSE_mean,MSE_cp,MSE_tucker
0,lowrank_reg,0.01,35,3,1,1.2281831772354976,0.8011720676850148,0.7969528622641288
1,lowrank_reg,0.01,35,3,2,0.8171950681977043,0.31979780228867594,0.33121426520968295
2,lowrank_reg,0.01,35,3,3,0.8553337653739338,0.36617228832445314,0.32229981184507656
3,lowrank_reg,0.01,35,3,4,0.8500174950584085,0.32405582490848,0.326696166217788
4,lowrank_reg,0.01,35,3,5,0.8500174950584085,0.3240292400015886,0.30344275472763454
