,sm,noisevar,seed,depth,rank,MSE_mean,MSE_cp,MSE_tucker
0,lowrank_reg,0.01,34,1,1,1.2136036714275755,0.7226768360899357,0.7237710075615126
1,lowrank_reg,0.01,34,1,2,1.6100798640865783,0.29781394463827177,0.2976452094743787
2,lowrank_reg,0.01,34,1,3,1.6100798640865783,0.29847195538280674,0.2985173008096146
3,lowrank_reg,0.01,34,1,4,1.6100798640865783,0.29623459975778643,0.2984318561127316
4,lowrank_reg,0.01,34,1,5,1.6100798640865783,0.29652643932861805,0.2986943821904539
