,sm,noisevar,seed,depth,rank,MSE_mean,MSE_cp,MSE_tucker
0,lowrank_reg,0.0,32,1,1,1.754659663174158,0.961837571662381,0.9626621269372463
1,lowrank_reg,0.0,32,1,2,1.722646304099849,0.34326376209985593,0.34360607733735776
2,lowrank_reg,0.0,32,1,3,1.722646304099849,0.3637659625029415,0.36158745823286675
3,lowrank_reg,0.0,32,1,4,1.722646304099849,0.37462415409951605,0.36204989354250483
4,lowrank_reg,0.0,32,1,5,1.722646304099849,0.37704284646721126,0.36257211970574427
