,sm,noisevar,seed,depth,rank,MSE_mean,MSE_cp,MSE_tucker
0,variance,0.1,32,1,1,1.3302003887029656,0.7887854145587644,0.7887193398207273
1,variance,0.1,32,1,2,1.3302003887029656,0.8064064732011423,0.8056585870748011
2,variance,0.1,32,1,3,1.3302003887029656,0.8398889900021653,0.8360848658965406
3,variance,0.1,32,1,4,1.3302003887029656,0.8204753898486983,0.8357371063374699
4,variance,0.1,32,1,5,1.3302003887029656,0.8198274782550654,0.8357288466965754
