,sm,noisevar,seed,depth,rank,MSE_mean,MSE_cp,MSE_tucker
0,lowrank_reg,0.0,33,2,1,1.217841609500608,0.6457157050076576,0.6445976025445479
1,lowrank_reg,0.0,33,2,2,1.2052392435691122,0.29038116031895733,0.2908974671195207
2,lowrank_reg,0.0,33,2,3,1.2052392435691122,0.30337412811220554,0.2917659969946276
3,lowrank_reg,0.0,33,2,4,1.2052392435691122,0.3142111186470187,0.2920557079046029
4,lowrank_reg,0.0,33,2,5,1.2052392435691122,0.31422853103242243,0.29167158102658436
