,sm,noisevar,seed,depth,rank,MSE_mean,MSE_cp,MSE_tucker
0,lowrank_reg,0.1,38,1,1,1.8386942008179943,1.0326863936464556,1.0326116055862167
1,lowrank_reg,0.1,38,1,2,1.8366656741082366,0.4107043577078985,0.410897644135387
2,lowrank_reg,0.1,38,1,3,1.8366656741082366,0.4484575375113685,0.44592190008459964
3,lowrank_reg,0.1,38,1,4,1.8366656741082366,0.4491471062934853,0.4469523010258297
4,lowrank_reg,0.1,38,1,5,1.8366656741082366,0.45089388286272264,0.4477819879812091
