,sm,noisevar,seed,depth,rank,MSE_mean,MSE_cp,MSE_tucker
0,lowrank_reg,0.01,33,1,1,2.013950116947263,0.8554428482410974,0.8552059949139625
1,lowrank_reg,0.01,33,1,2,1.7072938775103899,0.29890622722128424,0.2987189143425106
2,lowrank_reg,0.01,33,1,3,1.7072938775103899,0.30739095742667233,0.29873781450272757
3,lowrank_reg,0.01,33,1,4,1.7072938775103899,0.3049435682549645,0.30556915483720526
4,lowrank_reg,0.01,33,1,5,1.7072938775103899,0.30609260868997196,0.30578002791222225
