,sm,noisevar,seed,depth,rank,MSE_mean,MSE_cp,MSE_tucker
0,variance,0.0,30,3,1,0.596910471677697,0.625282534796274,0.6327938259988509
1,variance,0.0,30,3,2,0.596910471677697,0.8221212427735481,0.8295833977582138
2,variance,0.0,30,3,3,0.596910471677697,1.0316824698102547,1.0687725899669445
3,variance,0.0,30,3,4,0.596910471677697,1.037559123611434,1.0728631951989431
4,variance,0.0,30,3,5,0.596910471677697,1.0361831029471578,1.0729810468339325
