,sm,noisevar,seed,depth,rank,MSE_mean,MSE_cp,MSE_tucker
0,lowrank_reg,0.01,38,3,1,1.2420170187454689,0.8434197760613726,0.8352057273613264
1,lowrank_reg,0.01,38,3,2,0.8071676571114199,0.290796620827901,0.2956904955371615
2,lowrank_reg,0.01,38,3,3,2.059483098151031,0.2787642269969177,0.2759939646974647
3,lowrank_reg,0.01,38,3,4,2.058966101500274,0.2860009785625391,0.2766639349581861
4,lowrank_reg,0.01,38,3,5,2.058966101500274,0.2860029586809509,0.27635700411796665
