,sm,noisevar,seed,depth,rank,MSE_mean,MSE_cp,MSE_tucker
0,lowrank_reg,0.1,33,0,1,2.0030450134718443,1.7473487273587742,1.7436729865478944
1,lowrank_reg,0.1,33,0,2,2.0030450134718443,1.5708920277205083,1.5773798276596438
2,lowrank_reg,0.1,33,0,3,2.0030450134718443,1.6753187820181785,1.6703887674574263
3,lowrank_reg,0.1,33,0,4,2.0030450134718443,1.7361645805886798,1.7158234883702603
4,lowrank_reg,0.1,33,0,5,2.0030450134718443,1.7357001264942613,1.7189142893530949
