,sm,noisevar,seed,depth,rank,MSE_mean,MSE_cp,MSE_tucker
0,lowrank_reg,0.0,34,3,1,1.2728334883098613,0.6538964513365441,0.6445896142153358
1,lowrank_reg,0.0,34,3,2,0.7666777414736966,0.2371306572756618,0.2426937593875398
2,lowrank_reg,0.0,34,3,3,0.7891720211205345,0.279302834798309,0.23678552780343304
3,lowrank_reg,0.0,34,3,4,0.7891720211205345,0.2819835445887078,0.23575452105407438
4,lowrank_reg,0.0,34,3,5,0.7891720211205345,0.28168159332842985,0.23797488549923237
