,sm,noisevar,seed,depth,rank,MSE_mean,MSE_cp,MSE_tucker
0,lowrank_reg,0.0,34,1,1,1.1998309410723917,0.7029094878507345,0.7039973286381629
1,lowrank_reg,0.0,34,1,2,1.5881742273268469,0.28348004085006945,0.28331368534225954
2,lowrank_reg,0.0,34,1,3,1.5881742273268469,0.29421977571296504,0.29050818015159274
3,lowrank_reg,0.0,34,1,4,1.5881742273268469,0.28463573495695443,0.29058207204622694
4,lowrank_reg,0.0,34,1,5,1.5881742273268469,0.28482443408437125,0.28357902231641297
