,sm,noisevar,seed,depth,rank,MSE_mean,MSE_cp,MSE_tucker
0,variance,0.1,31,2,1,0.934105605250392,0.8968828818795005,0.8942357693516303
1,variance,0.1,31,2,2,0.934105605250392,0.9046894959376873,0.8989406458951625
2,variance,0.1,31,2,3,0.934105605250392,1.1082577457952367,1.0889527101766938
3,variance,0.1,31,2,4,0.934105605250392,1.0950006794376637,1.0868713642958412
4,variance,0.1,31,2,5,0.934105605250392,1.094863606008349,1.0875601308268514
