,sm,noisevar,seed,depth,rank,MSE_mean,MSE_cp,MSE_tucker
0,lowrank_reg,0.1,32,4,1,1.928519502805426,1.3481507415128053,1.3491285722913853
1,lowrank_reg,0.1,32,4,2,0.9160744553071087,0.4620342096422049,0.457346215720876
2,lowrank_reg,0.1,32,4,3,0.9400458507171349,0.6499186488816674,0.6672551877536305
3,lowrank_reg,0.1,32,4,4,0.9389012586400862,0.6581252360255341,0.6791714206848192
4,lowrank_reg,0.1,32,4,5,0.9389012586400862,0.6595394583928393,0.6788929524630423
