,sm,noisevar,seed,depth,rank,MSE_mean,MSE_cp,MSE_tucker
0,lowrank_reg,0.0,35,4,1,1.221490589508136,0.8532974757764884,0.876052894397613
1,lowrank_reg,0.0,35,4,2,0.6404198016587604,0.3267378101218693,0.3485497150693228
2,lowrank_reg,0.0,35,4,3,0.6473727730881131,0.21290213741954978,0.169062288835807
3,lowrank_reg,0.0,35,4,4,0.6473727730881131,0.20856932229516073,0.18838059337120347
4,lowrank_reg,0.0,35,4,5,0.6473727730881131,0.2085678517223519,0.20562647476841092
