,sm,noisevar,seed,depth,rank,MSE_mean,MSE_cp,MSE_tucker
0,lowrank_reg,0.01,36,2,1,1.2500494151345969,0.7185669015020646,0.7217289553578972
1,lowrank_reg,0.01,36,2,2,1.2293505354342324,0.3255725189426689,0.3262505046832422
2,lowrank_reg,0.01,36,2,3,1.4504434643617627,0.32656515963479776,0.3253529112583431
3,lowrank_reg,0.01,36,2,4,1.4504434643617627,0.3227108992438319,0.3252082070779443
4,lowrank_reg,0.01,36,2,5,1.4504434643617627,0.32266593194053433,0.3248520651145843
