,sm,noisevar,seed,depth,rank,MSE_mean,MSE_cp,MSE_tucker
0,lowrank_reg,0.01,32,3,1,1.6687497906753948,1.2421209488013547,1.2483914633212443
1,lowrank_reg,0.01,32,3,2,0.8336966027517574,0.35273362607150516,0.35527929145079556
2,lowrank_reg,0.01,32,3,3,0.8279237363875778,0.3487338639597414,0.3552805468039371
3,lowrank_reg,0.01,32,3,4,0.8368780090712363,0.36647748018686477,0.35919261266387803
4,lowrank_reg,0.01,32,3,5,0.8368780090712363,0.36582624532676455,0.3589227250759626
