,sm,noisevar,seed,depth,rank,MSE_mean,MSE_cp,MSE_tucker
0,lowrank_reg,0.1,37,1,1,1.339067213804425,0.7885779994690335,0.7882510408072563
1,lowrank_reg,0.1,37,1,2,1.7825667720581022,0.4356992287692185,0.43598751243836625
2,lowrank_reg,0.1,37,1,3,1.7825667720581022,0.4349479113893634,0.4349707722552678
3,lowrank_reg,0.1,37,1,4,1.7825667720581022,0.447835103723119,0.43470235278880626
4,lowrank_reg,0.1,37,1,5,1.7825667720581022,0.4500133537373048,0.43488166306188714
