,sm,noisevar,seed,depth,rank,MSE_mean,MSE_cp,MSE_tucker
0,lowrank_reg,0.0,37,4,1,0.9896458551623871,1.1573904692778016,1.1510837795224733
1,lowrank_reg,0.0,37,4,2,0.6056783311296685,0.2642244025969246,0.26173429033282003
2,lowrank_reg,0.0,37,4,3,1.6203232147655633,0.664682106065364,0.4939213682759271
3,lowrank_reg,0.0,37,4,4,1.6087264293398025,0.612288476784672,0.4938551264083419
4,lowrank_reg,0.0,37,4,5,1.6087264293398025,0.6122831277178009,0.4945049887393326
