,sm,noisevar,seed,depth,rank,MSE_mean,MSE_cp,MSE_tucker
0,lowrank_reg,0.0,36,1,1,1.2077193536895157,0.6778954571119848,0.6831312709642414
1,lowrank_reg,0.0,36,1,2,1.55814117031237,0.305500911719696,0.3051128797522068
2,lowrank_reg,0.0,36,1,3,1.55814117031237,0.30557142267062504,0.30521605300559473
3,lowrank_reg,0.0,36,1,4,1.55814117031237,0.3053614087379902,0.30426081540403443
4,lowrank_reg,0.0,36,1,5,1.55814117031237,0.3052615584968179,0.3045352183098197
