,sm,noisevar,seed,depth,rank,MSE_mean,MSE_cp,MSE_tucker
0,lowrank_reg,0.0,38,3,1,1.7765548603928423,0.8640474031610809,0.8549781510649628
1,lowrank_reg,0.0,38,3,2,0.7924568531506577,0.27186385805996954,0.27280305737814947
2,lowrank_reg,0.0,38,3,3,2.081403925203278,0.2616494933226934,0.2585618300397931
3,lowrank_reg,0.0,38,3,4,2.081403925203278,0.26838300766992496,0.25866508533709953
4,lowrank_reg,0.0,38,3,5,2.081403925203278,0.2683856500041949,0.25856776583904895
