,sm,noisevar,seed,depth,rank,MSE_mean,MSE_cp,MSE_tucker
0,lowrank_reg,0.1,33,2,1,1.354616605736494,0.8631972447231329,0.8610370285046232
1,lowrank_reg,0.1,33,2,2,1.342672556563545,0.4089734186754777,0.40928854247627294
2,lowrank_reg,0.1,33,2,3,1.9755255093792907,0.37292201609592485,0.37139022457722193
3,lowrank_reg,0.1,33,2,4,1.9755255093792907,0.37340220023570125,0.3711315301376503
4,lowrank_reg,0.1,33,2,5,1.9755255093792907,0.37351291072901915,0.3713487804579264
