,sm,noisevar,seed,depth,rank,MSE_mean,MSE_cp,MSE_tucker
0,lowrank_reg,0.1,32,1,1,1.9183770992562612,1.0849771188327504,1.0850909416496561
1,lowrank_reg,0.1,32,1,2,1.883700581685166,0.4496072816587648,0.4497613395536384
2,lowrank_reg,0.1,32,1,3,1.883700581685166,0.46916704053838987,0.4670804862796739
3,lowrank_reg,0.1,32,1,4,1.883700581685166,0.4759847791600397,0.47307732138399894
4,lowrank_reg,0.1,32,1,5,1.883700581685166,0.4778612702637399,0.4676877375137508
