,sm,noisevar,seed,depth,rank,MSE_mean,MSE_cp,MSE_tucker
0,variance,0.1,37,1,1,1.339067213804425,0.7885806906298469,0.7886612948087318
1,variance,0.1,37,1,2,1.339067213804425,0.7988064984671628,0.8013929576711437
2,variance,0.1,37,1,3,1.339067213804425,0.8174731724710033,0.7987421410764309
3,variance,0.1,37,1,4,1.339067213804425,0.8159210858776114,0.8116769403125795
4,variance,0.1,37,1,5,1.339067213804425,0.814968218733717,0.811778961077878
