,sm,noisevar,seed,depth,rank,MSE_mean,MSE_cp,MSE_tucker
0,lowrank_reg,0.1,31,1,1,2.1319068915569193,1.1221281892164774,1.1156357210837426
1,lowrank_reg,0.1,31,1,2,2.1113633908027882,0.5104874906017005,0.511914978824668
2,lowrank_reg,0.1,31,1,3,2.1113633908027882,0.5050691367687024,0.5077373512265022
3,lowrank_reg,0.1,31,1,4,2.1113633908027882,0.5195692406775251,0.5076065788707373
4,lowrank_reg,0.1,31,1,5,2.1113633908027882,0.522845759416971,0.5075173999761092
