,sm,noisevar,seed,depth,rank,MSE_mean,MSE_cp,MSE_tucker
0,variance,0.01,38,3,1,0.629467616306423,0.8550004664435163,0.8624725742111932
1,variance,0.01,38,3,2,0.629467616306423,0.8910299933876002,0.8967169708155682
2,variance,0.01,38,3,3,0.629467616306423,0.8855900350152308,0.8961945354324524
3,variance,0.01,38,3,4,0.629467616306423,0.8863606127580963,0.9030277011892583
4,variance,0.01,38,3,5,0.629467616306423,0.8870757264906676,0.8971577080767786
