,sm,noisevar,seed,depth,rank,MSE_mean,MSE_cp,MSE_tucker
0,variance,0.0,39,3,1,0.6107398538308196,1.021806125126183,1.033559132213175
1,variance,0.0,39,3,2,0.6107398538308196,1.017769469373696,1.0201361470373185
2,variance,0.0,39,3,3,0.6107398538308196,0.9612695591017666,1.0148908589005803
3,variance,0.0,39,3,4,0.6107398538308196,0.9707918565238108,0.9916427501398644
4,variance,0.0,39,3,5,0.6107398538308196,0.9706815541256831,0.9914798113104388
