,sm,noisevar,seed,depth,rank,MSE_mean,MSE_cp,MSE_tucker
0,lowrank_reg,0.0,33,2,1,1.0646273191301627,0.4585688775261629,0.45794579557307596
1,lowrank_reg,0.0,33,2,2,1.0646273191301627,0.43583176941891427,0.43951176703181183
2,lowrank_reg,0.0,33,2,3,1.0646273191301627,0.5902943427028124,0.5718821875412539
3,lowrank_reg,0.0,33,2,4,1.0646273191301627,0.5957750082810065,0.5702289932909389
4,lowrank_reg,0.0,33,2,5,1.0646273191301627,0.5957746272350216,0.5718588012543921
