,sm,noisevar,seed,depth,rank,MSE_mean,MSE_cp,MSE_tucker
0,lowrank_reg,0.1,34,3,1,1.0811207141510355,0.5051333618737143,0.5041076466864893
1,lowrank_reg,0.1,34,3,2,1.3166972485245734,0.6060395043513271,0.6123532147121803
2,lowrank_reg,0.1,34,3,3,0.5508909188677253,0.9110149799273722,0.7693701253514372
3,lowrank_reg,0.1,34,3,4,0.5508909188677253,0.9473150826216719,0.8775896378992574
4,lowrank_reg,0.1,34,3,5,0.5508909188677253,0.9473200513477272,0.8775848397757029
