,sm,noisevar,seed,depth,rank,MSE_mean,MSE_cp,MSE_tucker
0,lowrank_reg,0.0,35,4,1,1.2699707989949656,0.2835992140355128,0.2784597748756903
1,lowrank_reg,0.0,35,4,2,0.9515545318358666,0.4353495746073393,0.4340665104133847
2,lowrank_reg,0.0,35,4,3,1.52129509905119,0.45951563483698077,0.36744090419315567
3,lowrank_reg,0.0,35,4,4,1.52129509905119,0.4595168410891348,0.3674540915202026
4,lowrank_reg,0.0,35,4,5,1.52129509905119,0.45951557393303066,0.367442970607452
