,sm,noisevar,seed,depth,rank,MSE_mean,MSE_cp,MSE_tucker
0,lowrank_reg,0.01,37,1,1,1.0991151637592134,0.355297944742694,0.35534434178068697
1,lowrank_reg,0.01,37,1,2,1.0991151637592134,0.3618063182995255,0.36184812627216423
2,lowrank_reg,0.01,37,1,3,1.0991151637592134,0.43301580222638325,0.4310482560767698
3,lowrank_reg,0.01,37,1,4,1.0991151637592134,0.43252538358735754,0.4270208906470176
4,lowrank_reg,0.01,37,1,5,1.0991151637592134,0.43254355726731997,0.4274173448490427
