,sm,noisevar,seed,depth,rank,MSE_mean,MSE_cp,MSE_tucker
0,lowrank_reg,0.0,32,3,1,1.4471021797147683,0.35541183356722617,0.35418930056992715
1,lowrank_reg,0.0,32,3,2,1.3838397219565501,0.7035683115436536,0.6929497805043104
2,lowrank_reg,0.0,32,3,3,1.3468437857097488,0.5169800145239637,0.5552266870199272
3,lowrank_reg,0.0,32,3,4,1.325053115307918,0.4904962853148699,0.5579195990609193
4,lowrank_reg,0.0,32,3,5,1.325053115307918,0.49045839927447865,0.5551585333426611
