,sm,noisevar,seed,depth,rank,MSE_mean,MSE_cp,MSE_tucker
0,lowrank_reg,0.0,33,0,1,1.1089109090065885,0.8990694509170208,0.9051800978669718
1,lowrank_reg,0.0,33,0,2,1.1089109090065885,0.896199569859006,0.9037266988912179
2,lowrank_reg,0.0,33,0,3,1.1089109090065885,0.9594435122192938,0.9605043486053676
3,lowrank_reg,0.0,33,0,4,1.1089109090065885,0.9565555199746514,0.9604638752604299
4,lowrank_reg,0.0,33,0,5,1.1089109090065885,0.9565635258550576,0.960491324879844
