,sm,noisevar,seed,depth,rank,MSE_mean,MSE_cp,MSE_tucker
0,lowrank_reg,0.0,35,2,1,1.245918539030028,0.3759168522886092,0.3759982469047375
1,lowrank_reg,0.0,35,2,2,1.245918539030028,0.3511305007263296,0.3547445059385874
2,lowrank_reg,0.0,35,2,3,1.2605932446781725,0.37150980192499705,0.3572567663370951
3,lowrank_reg,0.0,35,2,4,1.2605932446781725,0.37045351670822824,0.37107382280331785
4,lowrank_reg,0.0,35,2,5,1.2605932446781725,0.3704521613074004,0.3766140801199793
