,sm,noisevar,seed,depth,rank,MSE_mean,MSE_cp,MSE_tucker
0,lowrank_reg,0.01,32,2,1,1.3052978652871217,0.3541719002504876,0.35418831392907546
1,lowrank_reg,0.01,32,2,2,1.3052978652871217,0.3957947376012322,0.39378089341453837
2,lowrank_reg,0.01,32,2,3,1.3052978652871217,0.4429768546158147,0.3937806145651212
3,lowrank_reg,0.01,32,2,4,1.3052978652871217,0.4368115656020223,0.41640248254729395
4,lowrank_reg,0.01,32,2,5,1.3052978652871217,0.43680684904106837,0.4164048650855468
