,sm,noisevar,seed,depth,rank,MSE_mean,MSE_cp,MSE_tucker
0,lowrank_reg,0.1,36,3,1,1.0331884191887366,0.47754250116838287,0.47653939189377525
1,lowrank_reg,0.1,36,3,2,1.0758200196027086,0.6264853656642856,0.6137129300594557
2,lowrank_reg,0.1,36,3,3,1.0758200196027086,0.6912294373550107,0.6811582686886609
3,lowrank_reg,0.1,36,3,4,1.0758200196027086,0.6659085425009861,0.6812369162186697
4,lowrank_reg,0.1,36,3,5,1.0758200196027086,0.6656547932043283,0.6812373463622183
