,sm,noisevar,seed,depth,rank,MSE_mean,MSE_cp,MSE_tucker
0,lowrank_reg,0.0,38,2,1,1.0976339749739135,0.3898368395368261,0.3896363849352014
1,lowrank_reg,0.0,38,2,2,1.0976339749739135,0.3219154244347609,0.3283818907558042
2,lowrank_reg,0.0,38,2,3,1.0976339749739135,0.32889297161699244,0.32839921741420003
3,lowrank_reg,0.0,38,2,4,1.0976339749739135,0.3347464473691058,0.3266366320394518
4,lowrank_reg,0.0,38,2,5,1.0976339749739135,0.33473900800068407,0.32841124703693814
