,sm,noisevar,seed,depth,rank,MSE_mean,MSE_cp,MSE_tucker
0,lowrank_reg,0.01,33,0,1,1.129831593076296,0.9038227906642399,0.9099233154452185
1,lowrank_reg,0.01,33,0,2,1.129831593076296,0.8839200737291667,0.892008850744804
2,lowrank_reg,0.01,33,0,3,1.129831593076296,0.9781603272147723,0.9776548809192261
3,lowrank_reg,0.01,33,0,4,1.129831593076296,0.9745218650355915,0.9776491027616462
4,lowrank_reg,0.01,33,0,5,1.129831593076296,0.9745286077678152,0.977649083052137
