,sm,noisevar,seed,depth,rank,MSE_mean,MSE_cp,MSE_tucker
0,lowrank_reg,0.01,31,4,1,1.1603106247173023,0.36664176445933017,0.36992198041278435
1,lowrank_reg,0.01,31,4,2,0.6269228205752917,1.0360847454867652,1.036219416720994
2,lowrank_reg,0.01,31,4,3,1.2154542150420753,0.5391001861416969,0.4856609679631248
3,lowrank_reg,0.01,31,4,4,1.2504816130810563,0.8281353709364718,0.6990874320995851
4,lowrank_reg,0.01,31,4,5,1.2504816130810563,0.8281045647129727,0.6990887629014771
