,sm,noisevar,seed,depth,rank,MSE_mean,MSE_cp,MSE_tucker
0,lowrank_reg,0.1,39,4,1,1.162749460789324,0.6000908968606757,0.5979998858798329
1,lowrank_reg,0.1,39,4,2,1.0785314380600457,1.1517546494435944,1.1666488014890501
2,lowrank_reg,0.1,39,4,3,0.9218978606664204,1.3788111983305,1.346207490823012
3,lowrank_reg,0.1,39,4,4,0.926748983298802,1.2259891930249123,1.1618870878134517
4,lowrank_reg,0.1,39,4,5,0.926748983298802,1.2259883769568851,1.1926053360234865
