,sm,noisevar,seed,depth,rank,MSE_mean,MSE_cp,MSE_tucker
0,lowrank_reg,0.0,36,1,1,1.1617844479056398,0.518461843671061,0.5185211411399481
1,lowrank_reg,0.0,36,1,2,1.1617844479056398,0.502683470067666,0.5029019799899496
2,lowrank_reg,0.0,36,1,3,1.1617844479056398,0.5351838334933472,0.5327654340247662
3,lowrank_reg,0.0,36,1,4,1.1617844479056398,0.45547276347701104,0.46260184895795314
4,lowrank_reg,0.0,36,1,5,1.1617844479056398,0.45549606517968794,0.46285588502438635
