,sm,noisevar,seed,depth,rank,MSE_mean,MSE_cp,MSE_tucker
0,lowrank_reg,0.1,30,3,1,1.0187175833267386,0.4386320891285676,0.4380976544323837
1,lowrank_reg,0.1,30,3,2,1.0187175833267386,0.5277667164933338,0.5167229785596323
2,lowrank_reg,0.1,30,3,3,0.9751356344811108,0.5225572727518426,0.5517596695033838
3,lowrank_reg,0.1,30,3,4,0.9751356344811108,0.5193551104420137,0.533391848293651
4,lowrank_reg,0.1,30,3,5,0.9751356344811108,0.5193638366918112,0.5391565980398554
