,sm,noisevar,seed,depth,rank,MSE_mean,MSE_cp,MSE_tucker
0,variance,0.01,33,1,1,1.0489564389380595,0.7979383105682681,0.8068375450650285
1,variance,0.01,33,1,2,1.0489564389380595,0.8893236548938419,0.8915762832991523
2,variance,0.01,33,1,3,1.0489564389380595,0.9028872575089847,0.9049545645610184
3,variance,0.01,33,1,4,1.0489564389380595,0.859162443943934,0.9049323821447463
4,variance,0.01,33,1,5,1.0489564389380595,0.85916241429568,0.904954610766663
