,sm,noisevar,seed,depth,rank,MSE_mean,MSE_cp,MSE_tucker
0,lowrank_reg,0.1,36,4,1,0.9562519941444297,0.4284917951404807,0.4292249857193863
1,lowrank_reg,0.1,36,4,2,1.0485255873063068,1.009704041124136,1.1744746386336098
2,lowrank_reg,0.1,36,4,3,1.020423486692366,1.0256743855085055,1.1123891765145713
3,lowrank_reg,0.1,36,4,4,1.020423486692366,1.0407065397516757,1.1168541613979537
4,lowrank_reg,0.1,36,4,5,1.020423486692366,1.0407051231483981,1.1174335279897432
