,sm,noisevar,seed,depth,rank,MSE_mean,MSE_cp,MSE_tucker
0,lowrank_reg,0.1,32,2,1,1.4244912410964328,0.4800756347238357,0.4799687649611523
1,lowrank_reg,0.1,32,2,2,1.4244912410964328,0.5597507261824103,0.556160202311403
2,lowrank_reg,0.1,32,2,3,1.4244912410964328,0.6133969817419666,0.5561447929502603
3,lowrank_reg,0.1,32,2,4,1.4244912410964328,0.6447602256158604,0.5838107692567529
4,lowrank_reg,0.1,32,2,5,1.4244912410964328,0.6447551478972648,0.5835845115318098
