,sm,noisevar,seed,depth,rank,MSE_mean,MSE_cp,MSE_tucker
0,lowrank_reg,0.01,37,4,1,1.2680931005934344,0.3209336118959412,0.3083316808902305
1,lowrank_reg,0.01,37,4,2,0.5820824506239537,0.9594271273378047,1.0503234567120887
2,lowrank_reg,0.01,37,4,3,0.45249882357023546,0.6820780253632694,0.6512931851453564
3,lowrank_reg,0.01,37,4,4,0.45249882357023546,0.6821407554358121,0.6511231674411583
4,lowrank_reg,0.01,37,4,5,0.45249882357023546,0.6821656697326762,0.6511007367439434
