,sm,noisevar,seed,depth,rank,MSE_mean,MSE_cp,MSE_tucker
0,lowrank_reg,0.0,37,2,1,1.0803074281733125,0.27574252776666597,0.27648900352372874
1,lowrank_reg,0.0,37,2,2,0.46901978320490106,0.3970756972107202,0.39736918014526534
2,lowrank_reg,0.0,37,2,3,0.46901978320490106,0.4064083898103647,0.3973611513366377
3,lowrank_reg,0.0,37,2,4,0.46901978320490106,0.41935088412032107,0.40663397966276543
4,lowrank_reg,0.0,37,2,5,0.46901978320490106,0.41935088558003397,0.4066439761348898
