,sm,noisevar,seed,depth,rank,MSE_mean,MSE_cp,MSE_tucker
0,lowrank_reg,0.01,30,1,1,1.0176456198072035,0.4792401007077634,0.47894089005287926
1,lowrank_reg,0.01,30,1,2,1.0176456198072035,0.5447818034777406,0.5431027189715598
2,lowrank_reg,0.01,30,1,3,1.0176456198072035,0.4748631122747155,0.48024608498030413
3,lowrank_reg,0.01,30,1,4,1.0176456198072035,0.47242446677494776,0.47808469073319154
4,lowrank_reg,0.01,30,1,5,1.0176456198072035,0.472473612457953,0.4785804598111439
