,depth,rank,MSE_mean
0,5,1,1.1238264316444886
1,5,2,1.3920692108859476
2,5,3,1.3920692108859476
3,5,4,1.8314616553734353
4,5,5,1.9201606009413372
